Name,Category,Price,Stock,Rating,In_Stock,Total_Value,Price_Tier
Headset,Accessories,6346.428571428572,35.0,4.8,True,222125.0,Medium
External SSD,Storage,6500.0,22.0,4.7,True,143000.0,Medium
Tablet,Electronics,6346.428571428572,20.0,4.7,True,126928.57142857143,Medium
Laptop,Electronics,25000.0,15.0,4.6,True,375000.0,Expensive
Smartwatch,Electronics,7500.0,18.0,4.6,True,135000.0,Medium
Webcam,Accessories,2200.0,25.0,4.5,True,55000.0,Cheap
Mouse,Accessories,650.0,80.0,4.4,True,52000.0,Cheap
Phone,Electronics,18000.0,30.0,4.3,True,540000.0,Expensive
Power Bank,Accessories,1500.0,60.0,4.2,True,90000.0,Cheap
Monitor,Electronics,8500.0,35.13333333333333,4.1,True,298633.3333333333,Medium
Office Chair,Furniture,4500.0,10.0,4.1,True,45000.0,Medium
Speaker,Electronics,3000.0,40.0,4.0,True,120000.0,Medium
Keyboard,Accessories,1200.0,50.0,3.9,True,60000.0,Cheap
USB Cable,Accessories,300.0,100.0,3.8,True,30000.0,Cheap
Printer,Office,5500.0,12.0,3.6,True,66000.0,Medium
